,Rank,Name,2020 Population,2019 Population,Change
0,1,Tokyo,37393129,37435191,-0.11%
1,2,Delhi,30290936,29399141,3.03%
2,3,Shanghai,27058479,26317104,2.82%
3,4,Sao Paulo,22043028,21846507,0.90%
4,5,Mexico City,21782378,21671908,0.51%
5,6,Dhaka,21005860,20283552,3.56%
6,7,Cairo,20900604,20484965,2.03%
7,8,Beijing,20462610,20035455,2.13%
8,9,Mumbai,20411274,20185064,1.12%
9,10,Osaka,19165340,19222665,-0.30%
10,11,Karachi,16093786,15741406,2.24%
11,12,Chongqing,15872179,15354067,3.37%
12,13,Istanbul,15190336,14967667,1.49%
13,14,Buenos Aires,15153729,15057273,0.64%
14,15,Kolkata,14850066,14755186,0.64%
15,16,Lagos,14368332,13903620,3.34%
16,17,Kinshasa,14342439,13743278,4.36%
17,18,Manila,13923452,13698889,1.64%
18,19,Tianjin,13589078,13396402,1.44%
19,20,Rio De Janeiro,13458075,13374275,0.63%
20,21,Guangzhou,13301532,12967862,2.57%
21,22,Lahore,12642423,12188196,3.73%
22,23,Moscow,12537954,12476171,0.50%
23,24,Shenzhen,12356820,12128721,1.88%
24,25,Bangalore,12326532,11882666,3.74%
25,26,Paris,11017230,10958187,0.54%
26,27,Bogota,10978360,10779376,1.85%
27,28,Chennai,10971108,10711243,2.43%
28,29,Jakarta,10770487,10638689,1.24%
29,30,Lima,10719188,10554712,1.56%
30,31,Bangkok,10539415,10350204,1.83%
31,32,Hyderabad,10004144,9741397,2.70%
32,33,Seoul,9963452,9962393,0.01%
33,34,Nagoya,9552132,9532059,0.21%
34,35,London,9304016,9176530,1.39%
35,36,Chengdu,9135768,8971839,1.83%
36,37,Tehran,9134708,9013663,1.34%
37,38,New York,8622357,8580015,0.25%
38,39,Wuhan,8364977,8266273,1.19%
39,40,Luanda,8329798,8044735,3.54%
40,41,Ahmedabad,8059441,7868633,2.42%
41,42,Xian,8000965,7722254,3.61%
42,43,Kuala Lumpur,7996830,7780301,2.78%
43,44,Hangzhou,7642147,7437993,2.74%
44,45,Hong Kong,7547652,7490776,0.76%
45,46,Dongguan,7407852,7378500,0.40%
46,47,Foshan,7326852,7257143,0.96%
47,48,Riyadh,7231447,7070665,2.27%
48,49,Shenyang,7220104,7069012,2.14%
49,50,Surat,7184590,6873756,4.52%
50,51,Baghdad,7144260,6974439,2.43%
51,52,Suzhou Jiangsu,7069992,6703499,5.47%
52,53,Santiago,6767223,6723516,0.65%
53,54,Dar Es Salaam,6701650,6368272,5.23%
54,55,Pune,6629347,6451618,2.75%
55,56,Madrid,6617513,6559041,0.89%
56,57,Harbin,6387195,6249824,2.20%
57,58,Toronto,6196731,6139404,0.93%
58,59,Belo Horizonte,6084430,6028319,0.93%
59,60,Singapore,5935053,5868104,1.14%
60,61,Khartoum,5828858,5677921,2.66%
61,62,Johannesburg,5782747,5635127,2.62%
62,63,Qingdao,5619977,5499117,2.20%
63,64,Dalian,5617849,5458521,2.92%
64,65,Barcelona,5585556,5541127,0.80%
65,66,Fukuoka,5528632,5540084,-0.21%
66,67,St Petersburg,5467808,5426959,0.75%
67,68,Jinan,5360185,5205402,2.97%
68,69,Yangon,5331800,5243989,1.67%
69,70,Zhengzhou,5322696,5131377,3.73%
70,71,Alexandria,5280664,5182450,1.90%
71,72,Abidjan,5202762,5058550,2.85%
72,73,Guadalajara,5179479,5100527,1.55%
73,74,Ankara,5117603,5017996,1.98%
74,75,Chittagong,5019824,4914633,2.14%
75,76,Melbourne,4967733,4870388,2.00%
76,77,Sydney,4925987,4859432,1.37%
77,78,Monterrey,4874095,4792864,1.69%
78,79,Nairobi,4734881,4556381,3.92%
79,80,Brasilia,4645843,4558991,1.91%
80,81,Cape Town,4617560,4524111,2.07%
81,82,Jiddah,4610176,4522216,1.95%
82,83,Changsha,4577723,4460622,2.63%
83,84,Kunming,4443186,4335924,2.47%
84,85,Changchun,4425761,4332263,2.16%
85,86,Xinbei,4398383,4361480,0.85%
86,87,Urumqi,4368865,4189926,4.27%
87,88,Shantou,4327316,4249233,1.84%
88,89,Rome,4257056,4234019,0.54%
89,90,Hefei,4241514,4110366,3.19%
90,91,Montreal,4220566,4195523,0.60%
91,92,Tel Aviv,4181479,4096962,2.06%
92,93,Porto Alegre,4137417,4115354,0.54%
93,94,Recife,4127091,4077746,1.21%
94,95,Ningbo,4116209,3965588,3.80%
95,96,Shijiazhuang,4114393,4031021,2.07%
96,97,Los Angeles,4085014,4030668,0.67%
97,98,Fortaleza,4073465,4025753,1.19%
98,99,Medellin,4000263,3966906,0.84%
99,100,Kano,3999050,3905598,2.39%
100,101,Yaounde,3992411,3822425,4.45%
101,102,Jaipur,3909333,3812262,2.55%
102,103,Ekurhuleni,3894262,3817938,2.00%
103,104,Taiyuan Shanxi,3891127,3807407,2.20%
104,105,Nanning,3859608,3743602,3.10%
105,106,San Salvador,3839076,3796634,1.12%
106,107,Casablanca,3752357,3716093,0.98%
107,108,Xiamen,3720141,3651537,1.88%
108,109,Fuzhou Fujian,3685701,3608056,2.15%
109,110,Lucknow,3676515,3589795,2.42%
110,111,Douala,3663227,3536119,3.59%
111,112,Changzhou,3625328,3498645,3.62%
112,113,Wenzhou,3623646,3521172,2.91%
113,114,Nanchang,3598421,3485364,3.24%
114,115,Berlin,3562038,3556792,0.15%
115,116,Kozhikode,3555411,3364657,5.67%
116,117,Ibadan,3551961,3463855,2.54%
117,118,Busan,3465190,3465633,-0.01%
118,119,Faisalabad,3462295,3385342,2.27%
119,120,Tangshan Hebei,3425638,3285328,4.27%
120,121,Bekasi,3394273,3276733,3.59%
121,122,Malappuram,3391277,3169457,7.00%
122,123,Antananarivo,3368585,3210386,4.93%
123,124,Kumasi,3348062,3205586,4.44%
124,125,Asuncion,3336562,3279160,1.75%
125,126,Santo Domingo,3317784,3245021,2.24%
126,127,Guiyang,3317110,3226249,2.82%
127,128,Campinas,3300794,3255911,1.38%
128,129,Kampala,3298364,3137690,5.12%
129,130,Abuja,3277740,3095118,5.90%
130,131,Wuxi Jiangsu,3256020,3198981,1.78%
131,132,Mashhad,3208336,3152482,1.77%
132,133,Puebla,3194848,3145456,1.57%
133,134,Athens,3153355,3154152,-0.03%
134,135,Dakar,3140442,3057065,2.73%
135,136,Milan,3140181,3136077,0.13%
136,137,Kanpur,3123990,3100285,0.76%
137,138,Kuwait City,3114553,3052493,2.03%
138,139,Kochi,3082055,2969638,3.79%
139,140,Lanzhou,3080522,3007613,2.42%
140,141,Thrissur,3068164,2920761,5.05%
141,142,Port Harcourt,3020232,2873322,5.11%
142,143,Guayaquil,2994218,2946158,1.63%
143,144,Sanaa,2972988,2874373,3.43%
144,145,Lisbon,2956879,2942097,0.50%
145,146,Surabaya,2944403,2921630,0.78%
146,147,Guatemala City,2934841,2891230,1.51%
147,148,Shizuoka,2922320,2911784,0.36%
148,149,Zhongshan,2913974,2890965,0.80%
149,150,Dubai,2878344,2833079,1.60%
150,151,Incheon,2801039,2782612,0.66%
151,152,Coimbatore,2786600,2713233,2.70%
152,153,Cali,2781980,2754078,1.01%
153,154,Ouagadougou,2780331,2652720,4.81%
154,155,Lusaka,2774133,2646619,4.82%
155,156,Port Au Prince,2773553,2704187,2.57%
156,157,Algiers,2767661,2729325,1.40%
157,158,Manchester,2730076,2710074,0.74%
158,159,Depok,2727209,2615154,4.28%
159,160,Taiyuan,2721485,2713112,0.31%
160,161,Goiania,2690011,2628413,2.34%
161,162,Chicago,2670406,2687682,-0.32%
162,163,Sapporo,2669680,2667852,0.07%
163,164,Huaian,2655320,2537652,4.64%
164,165,Weifang,2653989,2560068,3.67%
165,166,Zibo,2639735,2596275,1.67%
166,167,Bamako,2617686,2529328,3.49%
167,168,Thiruvananthapuram,2584752,2476928,4.35%
168,169,Vancouver,2581079,2555884,0.99%
169,170,Bandung,2580191,2557561,0.88%
170,171,Pretoria,2565660,2472612,3.76%
171,172,Shaoxing,2540018,2444934,3.89%
172,173,Yantai,2526702,2442581,3.44%
173,174,Mbuji Mayi,2525263,2412532,4.67%
174,175,Huizhou,2524543,2441944,3.38%
175,176,Tashkent,2517381,2490334,1.09%
176,177,Accra,2514005,2475208,1.57%
177,178,Lubumbashi,2478262,2377495,4.24%
178,179,Toluca De Lerdo,2467241,2410875,2.34%
179,180,San Juan,2448417,2451375,-0.12%
180,181,Beirut,2424425,2406875,0.73%
181,182,Brisbane,2406182,2372335,1.43%
182,183,Damascus,2392045,2353637,1.63%
183,184,Bhopal,2389547,2333106,2.42%
184,185,Brazzaville,2388090,2308076,3.47%
185,186,Luoyang,2387094,2311242,3.28%
186,187,Houston,2378146,2340814,0.79%
187,188,Tunis,2365201,2327822,1.61%
188,189,Baku,2341443,2313138,1.22%
189,190,Tangerang,2338547,2279906,2.57%
190,191,Medan,2337958,2310522,1.19%
191,192,Belem,2334462,2307615,1.16%
192,193,Sendai,2327417,2317722,0.42%
193,194,Mogadishu,2282009,2179855,4.69%
194,195,Nantong,2275777,2199133,3.49%
195,196,Barranquilla,2272914,2245912,1.20%
196,197,Manaus,2260788,2216713,1.99%
197,198,Maracaibo,2257999,2218693,1.77%
198,199,Taoyuan,2245162,2217749,1.24%
199,200,Rawalpindi,2236905,2195560,1.88%
200,201,Gujranwala,2229220,2168960,2.78%
201,202,Agra,2210246,2159903,2.33%
202,203,Peshawar,2202946,2133382,3.26%
203,204,Daegu,2198962,2209367,-0.47%
204,205,Baotou,2190495,2142760,2.23%
205,206,Naples,2186853,2191906,-0.23%
206,207,Visakhapatnam,2174968,2124948,2.35%
207,208,Kannur,2166906,2107309,2.83%
208,209,Liuzhou,2165257,2103506,2.94%
209,210,Hohhot,2163394,2085969,3.71%
210,211,Amman,2148293,2108509,1.89%
211,212,Xuzhou,2145970,2099308,2.22%
212,213,Havana,2140423,2138419,0.09%
213,214,Tijuana,2140398,2099293,1.96%
214,215,Esfahan,2132037,2086356,2.19%
215,216,Hiroshima,2083223,2089157,-0.28%
216,217,Brussels,2080788,2065284,0.75%
217,218,Phnom Penh,2077757,2014015,3.16%
218,219,Grande Vitoria,2075857,2039962,1.76%
219,220,Nashik,2065728,2008598,2.84%
220,221,Mecca,2042106,2004888,1.86%
221,222,Perth,2041959,2016415,1.27%
222,223,Vijayawada,2039845,1975188,3.27%
223,224,Minsk,2028104,2016677,0.57%
224,225,Multan,2015091,1972432,2.16%
225,226,Yangzhou,1992773,1946377,2.38%
226,227,Bursa,1986268,1951161,1.80%
227,228,Baoding,1975790,1932104,2.26%
228,229,Conakry,1938272,1889233,2.60%
229,230,Linyi Shandong,1936908,1889824,2.49%
230,231,Taizhou Zhejiang,1934847,1876402,3.11%
231,232,Vienna,1929944,1915338,0.76%
232,233,Aleppo,1916781,1834093,4.51%
233,234,Putian,1907350,1809304,5.42%
234,235,Almaty,1895742,1862809,1.77%
235,236,Baixada Santista,1892314,1872844,1.04%
236,237,West Yorkshire,1889095,1876395,0.68%
237,238,Haikou,1889071,1846864,2.29%
238,239,Rabat,1884802,1864851,1.07%
239,240,Rajkot,1878032,1822437,3.05%
240,241,Wuhu Anhui,1870281,1777511,5.22%
241,242,Semarang,1866492,1832670,1.85%
242,243,Yancheng Jiangsu,1864424,1821247,2.37%
243,244,Panama City,1860291,1821693,2.12%
244,245,Daqing,1859001,1810606,2.67%
245,246,Ludhiana,1856849,1830424,1.44%
246,247,Kollam,1851558,1760698,5.16%
247,248,Lome,1827878,1785310,2.38%
248,249,Davao City,1825450,1784942,2.27%
249,250,Leon De Los Aldamas,1825080,1801979,1.28%
250,251,Lianyungang,1820127,1761551,3.33%
251,252,Bucharest,1803247,1812290,-0.50%
252,253,Hamburg,1789954,1791120,-0.07%
253,254,Warsaw,1783251,1775933,0.41%
254,255,Adana,1770850,1749869,1.20%
255,256,Budapest,1768073,1763913,0.24%
256,257,Zhuhai,1759378,1715058,2.58%
257,258,Datong,1745333,1701797,2.56%
258,259,Phoenix,1743469,1679243,1.88%
259,260,Madurai,1734173,1704385,1.75%
260,261,Benin City,1727169,1676132,3.04%
261,262,Palembang,1722700,1693463,1.73%
262,263,Lyon,1719268,1704738,0.85%
263,264,Santa Cruz,1712688,1676912,2.13%
264,265,Matola,1705886,1668740,2.23%
265,266,Gaziantep,1704118,1667798,2.18%
266,267,Meerut,1696440,1665859,1.84%
267,268,Quanzhou,1694076,1631153,3.86%
268,269,Jiangmen,1687310,1663153,1.45%
269,270,Sharjah,1684649,1628932,3.42%
270,271,Glasgow,1673332,1666632,0.40%
271,272,Varanasi,1664942,1639138,1.57%
272,273,Novosibirsk,1663748,1650185,0.82%
273,274,Xiangyang,1657726,1631785,1.59%
274,275,Shiraz,1651362,1627939,1.44%
275,276,Raipur,1642169,1581479,3.84%
276,277,Stockholm,1632798,1608037,1.54%
277,278,Mosul,1629932,1577979,3.29%
278,279,Anshan,1629166,1613590,0.97%
279,280,Can Tho,1617602,1530519,5.69%
280,281,La Laguna,1614854,1553033,3.98%
281,282,Tabriz,1611133,1596171,0.94%
282,283,Cixi,1609221,1544524,4.19%
283,284,Marseille,1608236,1603434,0.30%
284,285,Auckland,1606564,1582028,1.55%
285,286,Jilin,1603332,1585383,1.13%
286,287,Jamshedpur,1599434,1570577,1.84%
287,288,San Antonio,1590402,1541456,1.56%
288,289,Srinagar,1585774,1549803,2.32%
289,290,Makassar,1583553,1556025,1.77%
290,291,Karaj,1580413,1581403,-0.06%
291,292,Philadelphia,1579504,1573688,0.18%
292,293,Yinchuan,1579049,1530944,3.14%
293,294,Daejon,1565656,1561931,0.24%
294,295,Qiqihaer,1559581,1536903,1.48%
295,296,Aurangabad,1558412,1517148,2.72%
296,297,Muscat,1549729,1501635,3.20%
297,298,Yichang,1548423,1490109,3.91%
298,299,Calgary,1547484,1512539,2.31%
299,300,Batam,1546064,1473274,4.94%
300,301,Xining,1539437,1495340,2.95%
301,302,Munich,1538302,1521417,1.11%
302,303,Gaoxiong,1537640,1534349,0.21%
303,304,Qinhuangdao,1535223,1483631,3.48%
304,305,Rosario,1532128,1510253,1.45%
305,306,Harare,1529920,1521311,0.57%
306,307,Hengyang,1527107,1479887,3.19%
307,308,Gwangju,1521506,1519448,0.14%
308,309,Monrovia,1517235,1467026,3.42%
309,310,Yekaterinburg,1503812,1493370,0.70%
310,311,Tiruppur,1496389,1432643,4.45%
311,312,Jining Shandong,1494249,1471411,1.55%
312,313,Medina,1488782,1459468,2.01%
313,314,Grande Sao Luis,1485763,1472956,0.87%
314,315,Abu Dhabi,1482816,1452057,2.12%
315,316,Jodhpur,1471900,1434312,2.62%
316,317,San Diego,1469490,1438060,1.08%
317,318,Edmonton,1461182,1429743,2.20%
318,319,Kananga,1458400,1395418,4.51%
319,320,Natal,1456844,1426562,2.12%
320,321,Jabalpur,1449787,1429683,1.41%
321,322,Tegucigalpa,1444085,1403162,2.92%
322,323,Suqian,1440060,1357818,6.06%
323,324,Ranchi,1439195,1404095,2.50%
324,325,Huainan,1437838,1414863,1.62%
325,326,Mandalay,1437554,1405821,2.26%
326,327,Zhangjiakou,1434649,1400504,2.44%
327,328,Asansol,1431260,1410410,1.48%
328,329,Kharkiv,1429004,1432345,-0.23%
329,330,Chaozhou,1428383,1408284,1.43%
330,331,Kathmandu,1423515,1376108,3.45%
331,332,N Djamena,1422547,1371524,3.72%
332,333,Onitsha,1414790,1348529,4.91%
333,334,Dallas,1400337,1359133,1.49%
334,335,San Jose,1399629,1378546,1.53%
335,336,Chon Buri,1398645,1379856,1.36%
336,337,Belgrade,1397939,1393717,0.30%
337,338,Zurich,1395356,1383092,0.89%
338,339,Allahabad,1393723,1373594,1.47%
339,340,Ottawa,1393086,1378151,1.08%
340,341,Kota,1386877,1342600,3.30%
341,342,Gwalior,1378375,1347582,2.29%
342,343,Joao Pessoa,1378249,1362689,1.14%
343,344,Amritsar,1377371,1355875,1.59%
344,345,Basra,1352210,1324763,2.07%
345,346,Taizhou Jiangsu,1348056,1314590,2.55%
346,347,Copenhagen,1346485,1333888,0.94%
347,348,Queretaro,1339103,1313522,1.95%
348,349,Taian Shandong,1338828,1314249,1.87%
349,350,Adelaide,1336403,1328119,0.62%
350,351,Homs,1335804,1314355,1.63%
351,352,Yiwu,1334356,1280711,4.19%
352,353,Bucaramanga,1331453,1313376,1.38%
353,354,Dhanbad,1331186,1316066,1.15%
354,355,Konya,1328136,1299368,2.21%
355,356,Maceio,1323039,1308693,1.10%
356,357,Taizhong,1320591,1302252,1.41%
357,358,Nouakchott,1314636,1258973,4.42%
358,359,Porto,1312947,1309805,0.24%
359,360,Suweon,1311321,1288887,1.74%
360,361,Samut Prakan,1306937,1289380,1.36%
361,362,Prague,1305737,1298804,0.53%
362,363,Helsinki,1304851,1292232,0.98%
363,364,Weihai,1304315,1260012,3.52%
364,365,Cochabamba,1303907,1270649,2.62%
365,366,Joinville,1303141,1286622,1.28%
366,367,Ho Chi Minh City,1300088,1259429,3.23%
367,368,Mombasa,1295975,1253811,3.36%
368,369,Niamey,1291848,1251511,3.22%
369,370,Qom,1287937,1264584,1.85%
370,371,Zhanjiang,1286854,1258677,2.24%
371,372,Fushun Liaoning,1285387,1285571,-0.01%
372,373,Ganzhou,1285039,1221386,5.21%
373,374,Sofia,1280968,1276937,0.32%
374,375,Zunyi,1280960,1248480,2.60%
375,376,Dongying,1276028,1240313,2.88%
376,377,Mianyang Sichuan,1275851,1251619,1.94%
377,378,Kaifeng,1274287,1230265,3.58%
378,379,Kazan,1272063,1263412,0.68%
379,380,Rizhao,1270948,1228374,3.47%
380,381,Kisangani,1261310,1213000,3.98%
381,382,Jiaxing,1259844,1199747,5.01%
382,383,Nizhniy Novgorod,1257754,1260885,-0.25%
383,384,Nanchong,1257726,1215280,3.49%
384,385,Bareilly,1255287,1225034,2.47%
385,386,Antalya,1253872,1219140,2.85%
386,387,Port Elizabeth,1253742,1241941,0.95%
387,388,Ad Dammam,1252523,1225235,2.23%
388,389,Ahvaz,1244250,1227916,1.33%
389,390,Shiyan,1241450,1201843,3.30%
390,391,Florianopolis,1239331,1218478,1.71%
391,392,Dublin,1228179,1214666,1.11%
392,393,Chelyabinsk,1227795,1222108,0.47%
393,394,Fes,1224080,1203655,1.70%
394,395,San Luis Potosi,1216564,1197894,1.56%
395,396,Barquisimeto,1214362,1201421,1.08%
396,397,Pointe Noire,1214281,1175513,3.30%
397,398,Yingkou,1214047,1175701,3.26%
398,399,Aligarh,1210554,1176576,2.89%
399,400,Mysore,1209836,1185469,2.06%
400,401,Durg Bhilainagar,1207637,1191681,1.34%
401,402,Pekan Baru,1204883,1171388,2.86%
402,403,Maoming,1204716,1170342,2.94%
403,404,Maracay,1203227,1190295,1.09%
404,405,Freetown,1201900,1168424,2.87%
405,406,Tanger,1197923,1156739,3.56%
406,407,Moradabad,1197000,1161757,3.03%
407,408,Liuan,1195907,1129312,5.90%
408,409,Tengzhou,1189963,1142079,4.19%
409,410,Zhuzhou,1186912,1165486,1.84%
410,411,Omsk,1182339,1183262,-0.08%
411,412,Zhenjiang Jiangsu,1173816,1148451,2.21%
412,413,Mendoza,1172619,1153152,1.69%
413,414,Suzhou Anhui,1169932,1119054,4.55%
414,415,Liuyang,1169044,1094294,6.83%
415,416,Ruian,1168983,1128967,3.54%
416,417,Chiang Mai,1166978,1151301,1.36%
417,418,Astana,1165983,1117621,4.33%
418,419,Tripoli,1165085,1160918,0.36%
419,420,Chifeng,1164793,1134936,2.63%
420,421,Tiruchirappalli,1164668,1148865,1.38%
421,422,Baoji,1164665,1131222,2.96%
422,423,Samara,1163296,1166932,-0.31%
423,424,Bhubaneswar,1162886,1131484,2.78%
424,425,Puning,1160045,1127512,2.89%
425,426,Pingdingshan Henan,1159981,1126438,2.98%
426,427,Bogor,1159719,1136981,2.00%
427,428,Benxi,1157413,1139256,1.59%
428,429,Amsterdam,1148972,1140339,0.76%
429,430,Chandigarh,1148472,1128743,1.75%
430,431,Haifa,1147431,1140844,0.58%
431,432,Jieyang,1146758,1097660,4.47%
432,433,Jinzhou,1145359,1122681,2.02%
433,434,Xiangtan Hunan,1142976,1115751,2.44%
434,435,Nanyang Henan,1142799,1115205,2.47%
435,436,Huaibei,1141734,1108939,2.96%
436,437,Krasnoyarsk,1137494,1124674,1.14%
437,438,Ufa,1136291,1132656,0.32%
438,439,Rostov On Don,1136201,1135196,0.09%
439,440,Uyo,1135775,1072932,5.86%
440,441,Guilin,1134393,1114826,1.76%
441,442,Kigali,1132101,1094796,3.41%
442,443,Islamabad,1129198,1095064,3.12%
443,444,Da Nang,1125316,1094576,2.81%
444,445,Jinhua,1122440,1073355,4.57%
445,446,Lilongwe,1121720,1074695,4.38%
446,447,Mexicali,1120872,1101419,1.77%
447,448,Mwanza,1120430,1060743,5.63%
448,449,Cologne,1118789,1107731,1.00%
449,450,Guwahati,1116740,1099613,1.56%
450,451,Hubli Dharwad,1116728,1097545,1.75%
451,452,Kaduna,1113210,1096706,1.50%
452,453,Maputo,1110477,1104314,0.56%
453,454,Aguascalientes,1106453,1088041,1.69%
454,455,Salem,1102463,1081911,1.90%
455,456,Quetta,1099546,1070245,2.74%
456,457,Bandar Lampung,1091512,1068768,2.13%
457,458,Zaozhuang,1087745,1074933,1.19%
458,459,Binzhou,1083867,1042112,4.01%
459,460,Yongin,1083345,1061544,2.05%
460,461,Aba,1081466,1051017,2.90%
461,462,Xinxiang,1081031,1062361,1.76%
462,463,Bukavu,1078002,1024513,5.22%
463,464,Tbilisi,1077833,1077346,0.05%
464,465,Liupanshui,1077317,1021347,5.48%
465,466,Cuernavaca,1075022,1059092,1.50%
466,467,Perm,1071419,1066952,0.42%
467,468,Goyang,1069196,1054325,1.41%
468,469,Voronezh,1067719,1062031,0.54%
469,470,Managua,1063698,1055472,0.78%
470,471,Pizhou,1063231,1010736,5.19%
471,472,Cartagena,1062622,1054694,0.75%
472,473,Yueqing,1060702,1021693,3.82%
473,474,Shimkent,1057936,1020604,3.66%
474,475,Tasikmalaya,1056485,999508,5.70%
475,476,Abomey Calavi,1056440,991000,6.60%
476,477,Changwon,1055974,1057734,-0.17%
477,478,Chihuahua,1054766,1033378,2.07%
478,479,Saharanpur,1054102,1012993,4.06%
479,480,Jalandhar,1053670,1033756,1.93%
480,481,Panjin,1053125,1030951,2.15%
481,482,Nnewi,1050860,989343,6.22%
482,483,Oslo,1041377,1026758,1.42%
483,484,Luohe,1039941,982185,5.88%
484,485,Diyarbakir,1039492,1018977,2.01%
485,486,Bishkek,1038429,1017166,2.09%
486,487,Jingzhou Hubei,1038296,1022741,1.52%
487,488,Wenling,1037164,1004015,3.30%
488,489,San Jose,1036242,1030796,0.26%
489,490,Fuyang,1036162,1006913,2.90%
490,491,Solapur,1031037,1021948,0.89%
491,492,Shangrao,1028518,1001805,2.67%
492,493,Kermanshah,1025740,1004561,2.11%
493,494,Toulouse,1024166,1010593,1.34%
494,495,Johor Bahru,1023900,1003485,2.03%
495,496,Zhaoqing,1023777,996546,2.73%
496,497,Teresina,1021229,1011029,1.01%
497,498,Siliguri,1020303,983606,3.73%
498,499,Ma Anshan,1019389,986525,3.33%
499,500,Austin,1018842,983366,1.77%
500,501,Mersin,1016019,997131,1.89%
501,502,Bien Hoa,1013064,980581,3.31%
502,503,Bujumbura,1012996,954424,6.14%
503,504,Kirkuk,1012614,996040,1.66%
504,505,Samarinda,1010413,979359,3.17%
505,506,Rotterdam,1010026,1008667,0.13%
506,507,Yueyang,1009534,999033,1.05%
507,508,Aracaju,1009380,991254,1.83%
508,509,Odesa,1009289,1010293,-0.10%
509,510,Volgograd,1004688,1009238,-0.45%
510,511,Marrakech,1002709,988968,1.39%
511,512,Tampico,1001278,986228,1.53%
512,513,Bazhong,991820,924575,7.27%
513,514,Fuzhou Jiangxi,989880,950130,4.18%
514,515,Hargeysa,988716,945908,4.53%
515,516,Huzhou,988351,960993,2.85%
516,517,Leshan,986923,951055,3.77%
517,518,Denpasar,986853,965359,2.23%
518,519,Dezhou,986192,952704,3.52%
519,520,San Miguel De Tucuman,985656,971050,1.50%
520,521,Saltillo,983784,966802,1.76%
521,522,Valparaiso,983751,975179,0.88%
522,524,Aden,980455,950374,3.17%
523,523,Padang,980455,964358,1.67%
524,525,Cebu City,980070,967436,1.31%
525,526,Acapulco De Juarez,979381,966958,1.28%
526,527,Kayseri,973506,960262,1.38%
527,528,Bobo Dioulasso,972124,924370,5.17%
528,529,Xiongan,969535,892142,8.67%
529,530,Bordeaux,968993,957383,1.21%
530,531,Xuchang,968135,934073,3.65%
531,532,Songkhla,966597,953612,1.36%
532,533,Asmara,962985,928758,3.69%
533,534,Nonthaburi,962694,949762,1.36%
534,535,Chenzhou,959881,914372,4.98%
535,536,Warangal,959658,936510,2.47%
536,537,Dnipro,957345,963113,-0.60%
537,538,Krasnodar,957214,938135,2.03%
538,539,Khulna,953745,962845,-0.95%
539,540,Ilorin,949866,928632,2.29%
540,541,Jixi Heilongjiang,949646,936975,1.35%
541,542,Morelia,948793,936074,1.36%
542,543,Sekondi Takoradi,945519,900040,5.05%
543,544,Seongnam,943768,945746,-0.21%
544,545,Qujing,942342,907828,3.80%
545,546,Nice,942208,941800,0.04%
546,547,Changshu,938683,894600,4.93%
547,548,Ikorodu,937615,887220,5.68%
548,549,Xintai,936382,905520,3.41%
549,550,Jacksonville,934439,907529,1.46%
550,551,Fort Worth,933881,893997,2.18%
551,552,Cucuta,933380,923047,1.12%
552,553,Blantyre Limbe,932263,904758,3.04%
553,554,Jerusalem,931756,919407,1.34%
554,555,Pingxiang Jiangxi,928895,904694,2.68%
555,556,Southampton,927916,919843,0.88%
556,557,Mudanjiang,925522,910032,1.70%
557,558,Agadir,923552,905649,1.98%
558,559,Arequipa,922999,911311,1.28%
559,560,Nyala,922532,878037,5.07%
560,561,Hamah,921502,906705,1.63%
561,562,Tshikapa,919192,869060,5.77%
562,563,Dehradun,918946,894925,2.68%
563,564,Veracruz,918529,907066,1.26%
564,565,Yichun Jiangxi,918051,859349,6.83%
565,566,Ciudad Guayana,917700,900874,1.87%
566,567,Zamboanga City,917477,905281,1.35%
567,568,Dushanbe,915712,893826,2.45%
568,569,Pathum Thani,913741,901466,1.36%
569,570,Jiujiang,913212,889447,2.67%
570,571,Ulsan,910330,910162,0.02%
571,572,Laiwu,907839,880451,3.11%
572,573,Rajshahi,907732,893214,1.63%
573,574,San Francisco,906419,888653,0.99%
574,575,Donetsk,905530,911981,-0.71%
575,576,Charlotte,904675,873363,1.76%
576,577,San Pedro Sula,902751,876445,3.00%
577,578,Bengbu,901773,889163,1.42%
578,579,Liverpool,901708,897218,0.50%
579,580,Columbus,900274,880182,1.13%
580,581,Oran,899182,889644,1.07%
581,582,Reynosa,899084,880902,2.06%
582,583,Villahermosa,898461,883336,1.71%
583,584,West Rand,897609,886343,1.27%
584,585,Campo Grande,896864,886361,1.18%
585,586,Jos,895288,875746,2.23%
586,587,Bergamo,892089,883295,1.00%
587,588,Zhucheng,891494,855579,4.20%
588,589,Guigang,891173,864577,3.08%
589,590,Guiping,891158,843956,5.59%
590,591,Yangjiang,890013,867562,2.59%
591,592,Bangui,889231,869599,2.26%
592,593,Malang,886620,878589,0.91%
593,594,Londrina,885516,871682,1.59%
594,595,La Plata,884054,873918,1.16%
595,596,Misratah,881319,841267,4.76%
596,597,Antipolo,881018,859070,2.55%
597,598,Concepcion,880722,869186,1.33%
598,599,Chengde,880494,839566,4.87%
599,600,Dandong,877258,865354,1.38%
600,601,Najaf,873744,846750,3.19%
601,602,Owerri,872604,838554,4.06%
602,603,Zhangzhou,871690,841966,3.53%
603,604,Tianmen,869837,840064,3.54%
604,605,Hermosillo,867885,851738,1.90%
605,606,Indianapolis,866640,860902,0.33%
606,607,Trujillo,864633,851312,1.56%
607,608,Bhiwandi,859435,845711,1.62%
608,609,Linfen,858103,824417,4.09%
609,610,Xinyu,857567,823491,4.14%
610,611,Deyang,857306,828305,3.50%
611,612,Hengshui,856705,820969,4.35%
612,613,Warri,855941,814063,5.14%
613,614,Liaoyang,855663,841780,1.65%
614,615,Guntur,854488,833782,2.48%
615,616,Soshanguve,853347,840932,1.48%
616,617,Sylhet,851808,813538,4.70%
617,618,Palermo,851146,852454,-0.15%
618,619,Leiyang,851071,804564,5.78%
619,620,Tainan,849996,843219,0.80%
620,621,Nampula,848096,810633,4.62%
621,622,Tuxtla Gutierrez,847924,830603,2.09%
622,623,Erbil,846374,833237,1.58%
623,624,Changzhi,846365,824378,2.67%
624,625,Ashgabat,846255,828065,2.20%
625,626,Taiz,845154,815303,3.66%
626,627,Bahawalpur,844673,820047,3.00%
627,628,Jiangyin,843292,810972,3.99%
628,629,Tyumen,843196,817265,3.17%
629,630,Saratov,842680,844777,-0.25%
630,631,Birmingham,842065,835352,0.80%
631,632,Fuxin,839189,828643,1.27%
632,633,Culiacan,839054,821781,2.10%
633,634,Hufuf Mubarraz,836727,825074,1.41%
634,635,Puducherry,836003,815939,2.46%
635,636,Libreville,834204,823870,1.25%
636,637,Valencia,833724,831815,0.23%
637,638,Bucheon,832093,835259,-0.38%
638,639,Xingtai,831175,812888,2.25%
639,640,Changde,830010,806331,2.94%
640,641,Huangshi,828324,812772,1.91%
641,642,Lubango,828248,786713,5.28%
642,643,Shangqiu,826598,802826,2.96%
643,644,Quebec City,826109,820752,0.65%
644,645,Banghazi,823974,811293,1.56%
645,646,Luzhou,822996,813315,1.19%
646,647,Baishan,821967,783588,4.90%
647,648,Firozabad,821043,796264,3.11%
648,649,Winnipeg,816593,808419,1.01%
649,650,Yibin,814166,797639,2.07%
650,651,Ipoh,813553,799785,1.72%
651,652,Liling,812975,767636,5.91%
652,653,Thessaloniki,812166,811435,0.09%
653,654,Newcastle Upon Tyne,809481,805364,0.51%
654,655,Bologna,805986,802849,0.39%
655,656,Niigata,804298,806723,-0.30%
656,657,Xinyang,797369,777817,2.51%
657,658,Heze,795246,786745,1.08%
658,659,Yangquan,794262,774880,2.50%
659,660,Barcelona Puerto La Cruz,793641,782636,1.41%
660,661,Orumiyeh,793044,777790,1.96%
661,662,Xinghua,791297,766483,3.24%
662,663,Seattle,787740,746046,2.72%
663,664,Nottingham,787610,781151,0.83%
664,665,Maiduguri,786485,772394,1.82%
665,666,Sorocaba,785997,776054,1.28%
666,667,Izmir,783669,765242,2.41%
667,668,Haicheng,783484,772266,1.45%
668,669,Xiaogan,783483,760482,3.02%
669,670,Yongzhou,781940,753931,3.72%
670,671,Cabinda,777697,736984,5.52%
671,672,Zhuji,777536,758115,2.56%
672,673,Frankfurt,777156,768616,1.11%
673,674,Xalapa,775620,764044,1.52%
674,675,Huludao,775322,760634,1.93%
675,676,Bogra,775034,729609,6.23%
676,677,Vereeniging,774031,769425,0.60%
677,678,Nakhon Ratchasima,774022,764883,1.19%
678,679,Umuahia,773822,731563,5.78%
679,680,Enugu,772872,752323,2.73%
680,681,Bikaner,771878,757726,1.87%
681,682,Jiaozuo,766770,758858,1.04%
682,683,Hamilton,766688,762808,0.51%
683,684,Tianshui,765372,739871,3.45%
684,685,Cherthala,764135,726232,5.22%
685,686,Kuerle,761329,719603,5.80%
686,687,Shaoguan,761249,756232,0.66%
687,688,Liaocheng,760885,743338,2.36%
688,689,Ansan,760764,758858,0.25%
689,690,Gorakhpur,758214,751024,0.96%
690,691,Quzhou,757655,716061,5.81%
691,692,Cagayan De Oro City,753138,736874,2.21%
692,693,Amravati,752189,740529,1.57%
693,694,Huaihua,751803,718467,4.64%
694,695,Nellore,751034,729107,3.01%
695,696,Taixing,747588,725320,3.07%
696,697,Dasmarinas,747208,728707,2.54%
697,698,Denver,745172,719116,1.78%
698,699,Gebze,744674,718680,3.62%
699,700,Kumamoto,742612,743559,-0.13%
700,701,Bozhou,742150,710320,4.48%
701,702,Cuttack,742011,733202,1.20%
702,703,Langfang,739632,715581,3.36%
703,704,Sulaimaniya,739182,720411,2.61%
704,705,Ar Rayyan,737903,715997,3.06%
705,706,Kunshan,737654,705508,4.56%
706,707,Zigong,737291,728743,1.17%
707,708,Bur Sa'id,737000,723998,1.80%
708,709,Zaporizhzhya,736167,740538,-0.59%
709,710,Qingyuan,734856,725803,1.25%
710,711,Jincheng,733879,703498,4.32%
711,712,Banjarmasin,732005,720307,1.62%
712,713,Zaragoza,730828,727371,0.48%
713,714,Sheffield,730158,725062,0.70%
714,715,Zarqa,729220,719720,1.32%
715,716,Anqing,726950,709177,2.51%
716,717,Zaria,726172,719012,1.00%
717,718,Belgaum,724747,712055,1.78%
718,719,Okayama,724696,724948,-0.03%
719,720,Washington,724342,702756,1.51%
720,721,Lviv,723758,725202,-0.20%
721,722,Meishan,723267,697042,3.76%
722,723,Sao Jose Dos Campos,721795,711673,1.42%
723,724,Danyang,718649,693349,3.65%
724,725,Cheongju,717027,713273,0.53%
725,726,Muzaffarnagar,716748,690953,3.73%
726,727,Gaomi,716261,686786,4.29%
727,728,Zhumadian,716002,683882,4.70%
728,729,Jiamusi,715965,705995,1.41%
729,730,Malegaon,715605,700095,2.22%
730,731,Hanchuan,715218,686163,4.23%
731,732,Benguela,715130,686121,4.23%
732,733,Xianyang Shaanxi,715007,707306,1.09%
733,734,Ribeirao Preto,714111,703710,1.48%
734,735,Oshogbo,713677,698844,2.12%
735,736,Gaza,713621,693323,2.93%
736,737,Shaoyang,713559,697769,2.26%
737,738,Mangalore,713357,703413,1.41%
738,739,Rasht,712715,703698,1.28%
739,740,Linhai,708981,685239,3.46%
740,741,Buffalo City,708559,700466,1.16%
741,742,Florence,708357,707728,0.09%
742,743,Panzhihua,707134,698149,1.29%
743,744,Erduosi Ordoss,706657,682677,3.51%
744,745,Sialkot,705121,690447,2.13%
745,746,Zanzibar,705078,676814,4.18%
746,747,Oaxaca De Juarez,704559,694297,1.48%
747,748,Seville,703790,705325,-0.22%
748,749,Tongliao,702280,683849,2.70%
749,750,Jammu,702085,696856,0.75%
750,751,Boston,701984,687584,1.04%
751,752,El Paso,701120,692100,0.65%
752,753,Bhavnagar,700367,689884,1.52%
753,754,Tolyatti,700252,704137,-0.55%
754,755,Sargodha,700095,688086,1.75%
755,756,Suining Sichuan,699679,682654,2.49%
756,757,Gold Coast,699226,687460,1.71%
757,758,The Hague,697564,691389,0.89%
758,759,Tongling,696639,677201,2.87%
759,760,Wuzhou,696630,677691,2.79%
760,761,Kottayam,696061,652053,6.75%
761,762,Yulin Shaanxi,695614,685262,1.51%
762,763,Yanji,695165,673380,3.24%
763,764,Kayamkulam,694892,662470,4.89%
764,765,Maturin,694716,670377,3.63%
765,766,Lokoja,692050,643407,7.56%
766,767,Longyan,691987,680986,1.62%
767,768,Cotonou,691949,687732,0.61%
768,769,Nanded Waghala,689771,674189,2.31%
769,770,Taif,688693,682959,0.84%
770,771,Uberlandia,686896,677984,1.31%
771,772,Bacoor,686398,668419,2.69%
772,773,Bristol,686210,678612,1.12%
773,774,Kitwe,685908,663455,3.38%
774,775,Nashville Davidson,685628,673008,0.93%
775,776,Zagreb,684878,685233,-0.05%
776,777,Salta,684751,672335,1.85%
777,778,Padova,683604,679147,0.66%
778,779,Vientiane,682542,673061,1.41%
779,780,Dazhou,682342,658956,3.55%
780,781,Anqiu,682299,642202,6.24%
781,782,Balikpapan,682065,668550,2.02%
782,783,Celaya,680971,672501,1.26%
783,784,Cheonan,679802,670256,1.42%
784,785,Genoa,679613,682507,-0.42%
785,786,Tirupati,679456,653940,3.90%
786,787,Bunia,679418,636625,6.72%
787,788,Yuyao,678841,662003,2.54%
788,789,Yan An,678619,646393,4.99%
789,790,Jundiai,678521,668381,1.52%
790,791,Nantes,677766,669843,1.18%
791,792,Liege,677589,675403,0.32%
792,793,Dongtai,676996,655472,3.28%
793,794,Portland,676831,658347,1.38%
794,795,Lodz,676830,682458,-0.82%
795,796,Durgapur,675384,664915,1.57%
796,797,Yuncheng,675082,646283,4.46%
797,798,Las Vegas,674768,653840,1.58%
798,799,Dengzhou,673626,642552,4.84%
799,800,Gulbarga,673027,658535,2.20%
800,801,Huambo,671413,656977,2.20%
801,802,Oklahoma City,669363,653865,1.17%
802,803,Al Hudaydah,668899,649129,3.05%
803,804,Buraydah,668775,652396,2.51%
804,805,Ezhou,668405,661038,1.11%
805,806,Pontianak,667910,655595,1.88%
806,807,Merca,666370,637357,4.55%
807,808,Mar Del Plata,665707,659410,0.95%
808,809,Akure,665524,641733,3.71%
809,810,Kurnool,665186,644449,3.22%
810,811,Malanje,665150,626862,6.11%
811,812,Jeonju,663145,662870,0.04%
812,813,Yuxi,662863,631110,5.03%
813,814,Detroit,658631,665713,-0.53%
814,815,Tabuk,657277,647410,1.52%
815,816,Zhangjiagang,656036,627897,4.48%
816,817,Lattakia,655714,645186,1.63%
817,818,Amara,655663,631442,3.84%
818,819,Taicang,654441,628692,4.10%
819,820,Busto Arsizio,654258,650530,0.57%
820,821,General Santos City,652723,640361,1.93%
821,822,Macao,651875,642090,1.52%
822,823,Izhevsk,651338,651079,0.04%
823,824,Zhoukou,650060,628346,3.46%
824,825,Ibb,648889,607531,6.81%
825,826,Zhoushan,647419,635411,1.89%
826,827,Neijiang,645874,638674,1.13%
827,828,Memphis,645769,649243,-0.27%
828,829,Denizli,644782,628432,2.60%
829,830,Jamnagar,644738,639662,0.79%
830,831,Qinzhou,644359,626663,2.82%
831,832,Jhansi,642709,632166,1.67%
832,833,Samsun,642592,623644,3.04%
833,834,Chongjin,642447,639743,0.42%
834,835,Tamale,641911,611806,4.92%
835,836,Wroclaw,641401,640585,0.13%
836,837,Doha,641380,637347,0.63%
837,838,Sokoto,641249,621694,3.15%
838,839,Renqiu,640271,615759,3.98%
839,840,Barnaul,639783,639126,0.10%
840,841,Loudi,639167,614015,4.10%
841,842,Hegang,638855,633811,0.80%
842,843,Irkutsk,638843,635870,0.47%
843,844,As Suways,638229,627455,1.72%
844,845,Bulawayo,638188,638467,-0.04%
845,846,Bijie,637795,612321,4.16%
846,847,Be'er Sheva,637539,631052,1.03%
847,848,Chiclayo,637255,629260,1.27%
848,849,Venice,637245,636244,0.16%
849,850,Ankang,636293,605136,5.15%
850,851,Erode,634977,622398,2.02%
851,852,Manama,634508,600433,5.68%
852,853,Goma,634197,599208,5.84%
853,854,Bokaro Steel City,633551,625824,1.23%
854,855,Pachuca De Soto,633453,620630,2.07%
855,856,Khabarovsk,633151,629682,0.55%
856,857,Stuttgart,632692,631453,0.20%
857,858,Puyang,632347,610020,3.66%
858,859,Dusseldorf,631942,628459,0.55%
859,860,Longhai,631203,606799,4.02%
860,861,Durango,630982,619119,1.92%
861,862,Riga,630692,633820,-0.49%
862,863,Belfast,630632,626760,0.62%
863,864,Wuhai,630295,615806,2.35%
864,865,Safaqis,630175,624146,0.97%
865,866,Verona,629658,625890,0.60%
866,867,Tongxiang,629527,602260,4.53%
867,868,Jambi,626192,615859,1.68%
868,869,Haimen,626067,606263,3.27%
869,870,Hezhou,625304,595675,4.97%
870,871,Sanya,625290,605586,3.25%
871,872,Ulyanovsk,624896,625837,-0.15%
872,873,Raurkela,622636,614790,1.28%
873,874,Bari,622377,622287,0.01%
874,875,Louisville/jefferson County Balance,622313,619287,0.24%
875,876,Seregno,619871,614571,0.86%
876,877,Kolhapur,619358,612880,1.06%
877,878,Kryvyi Rih,618706,623894,-0.83%
878,879,Nasiriyah,616994,600113,2.81%
879,880,Yulin Guangxi,613668,605882,1.29%
880,881,Ajmer,613617,606616,1.15%
881,882,Bacolod,613437,602459,1.82%
882,883,Yaroslavl,612365,612247,0.02%
883,884,Kuching,611566,602427,1.52%
884,885,Al Ain,610887,598368,2.09%
885,886,Zahedan,609873,603634,1.03%
886,887,Vladivostok,609754,609930,-0.03%
887,888,San Jose Del Monte,607692,600251,1.24%
888,889,Ujjain,607055,596869,1.71%
889,890,Brighton,606909,601574,0.89%
890,891,Bandar Abbas,606633,585287,3.65%
891,892,Jubayl,605743,579260,4.57%
892,893,Herat,605575,575806,5.17%
893,894,Hanzhong,605327,592759,2.12%
894,895,Miluo,604159,568421,6.29%
895,896,Hillah,604149,594261,1.66%
896,897,Feira De Santana,602128,593981,1.37%
897,898,Anshun,600121,580847,3.32%
898,899,Bilaspur,599812,583279,2.83%
899,900,Makhachkala,599792,598979,0.14%
900,901,Bissau,599714,578829,3.61%
901,902,Jinzhong,599611,581798,3.06%
902,903,Patiala,599186,581771,2.99%
903,904,Yichun Heilongjiang,598465,605399,-1.15%
904,905,Bauchi,597679,575617,3.83%
905,906,Tlaxcala,596362,586129,1.75%
906,907,Tomsk,595642,590480,0.87%
907,908,Siping,594482,584669,1.68%
908,909,Nay Pyi Taw,593596,546487,8.62%
909,910,Sihui,591080,562577,5.07%
910,911,Leipzig,591052,585246,0.99%
911,912,Kagoshima,591042,593758,-0.46%
912,913,Kingston,590940,589849,0.18%
913,914,Sanliurfa,590522,584693,1.00%
914,915,Malaga,590032,588778,0.21%
915,916,Uvira,589731,557567,5.77%
916,917,Dortmund,589600,589457,0.02%
917,918,Comilla,588772,568563,3.55%
918,919,Cuiaba,588566,585825,0.47%
919,920,Xiantao,588540,583836,0.81%
920,921,Mathura,588334,573517,2.58%
921,922,Baltimore,587712,601188,-1.13%
922,923,Enshi,586667,553318,6.03%
923,924,Ibague,586187,581760,0.76%
924,925,Catania,585877,585825,0.01%
925,926,Shishi,585317,572218,2.29%
926,927,Fuqing,584631,571706,2.26%
927,928,Sangli,583629,575879,1.35%
928,929,Essen,582128,582777,-0.11%
929,930,Pereira,579620,579577,0.01%
930,931,Calabar,579273,554887,4.39%
931,932,Toulon,579095,577180,0.33%
932,933,Qitaihe,578992,570264,1.53%
933,934,Samarkand,578762,565832,2.29%
934,935,Daye,578374,563779,2.59%
935,936,Samut Sakhon,578273,570504,1.36%
936,937,Cabimas,578222,567757,1.84%
937,938,Hamadan,577808,571287,1.14%
938,939,Milwaukee,577583,586315,-0.75%
939,940,Jingjiang,577513,555332,3.99%
940,941,Sanhe,576241,547190,5.31%
941,942,Djibouti,576157,568804,1.29%
942,943,Xinmi,575696,549770,4.72%
943,944,Imphal,575625,557632,3.23%
944,945,Juiz De Fora,575481,569996,0.96%
945,946,Agartala,575073,554700,3.67%
946,947,Tonghua,572967,562008,1.95%
947,948,Abakaliki,572028,543058,5.33%
948,949,Bouake,571876,564745,1.26%
949,950,Udon Thani,570115,563600,1.16%
950,951,Beira,569911,556499,2.41%
951,952,Udaipur,569224,558710,1.88%
952,953,Vellore,569048,559693,1.67%
953,954,Orenburg,568812,568599,0.04%
954,955,Anyang,567945,571888,-0.69%
955,956,Ardabil,567912,557544,1.86%
956,957,Likasi,567839,551540,2.96%
957,958,Bloemfontein,567029,556450,1.90%
958,959,Albuquerque,566593,562935,0.32%
959,960,Dongyang,566083,553572,2.26%
960,961,Mbeya,566065,540637,4.70%
961,962,Hebi,565986,555886,1.82%
962,963,Kemerovo,565759,564347,0.25%
963,964,Tirunelveli,565735,558182,1.35%
964,965,Cenxi,565509,537757,5.16%
965,966,Yazd,565449,555793,1.74%
966,967,Bremen,565354,564270,0.19%
967,968,Gaya,565253,555350,1.78%
968,969,Poza Rica De Hidalgo,564578,558965,1.00%
969,970,Jalgaon,564540,552922,2.10%
970,971,Shuozhou,563456,542198,3.92%
971,972,Santa Fe,562917,555753,1.29%
972,973,Matamoros,562755,554922,1.41%
973,974,Kitchener,562466,553973,1.53%
974,975,Zaoyang,562379,548745,2.48%
975,976,Sanmenxia,561369,543195,3.35%
976,977,Cangzhou,560962,553694,1.31%
977,978,Thoothukkudi,560930,543853,3.14%
978,979,Basel,559027,555469,0.64%
979,980,Yiyang Hunan,558615,540947,3.27%
980,981,Oujda,558524,546962,2.11%
981,982,Gomel,557589,552354,0.95%
982,983,Irbid,556899,553576,0.60%
983,984,Al Mansurah,555621,546574,1.66%
984,985,Karbala,555073,545987,1.66%
985,986,Meknes,553755,547396,1.16%
986,987,Weinan,553302,542115,2.06%
987,988,Leicester,552178,547352,0.88%
988,989,Jiaozhou,551500,534608,3.16%
989,990,Ogbomosho,551474,527194,4.61%
990,991,Feicheng,551319,542285,1.67%
991,992,Arak,551006,542824,1.51%
992,993,Novokuznetsk,550575,551987,-0.26%
993,994,Zhaodong,550240,527598,4.29%
994,995,Chiang Rai,549966,542578,1.36%
995,996,Kota Kinabalu,549586,536285,2.48%
996,997,Hamhung,548992,553224,-0.76%
997,998,Panipat,547952,536422,2.15%
998,999,Khamis Mushayt,547724,539906,1.45%
999,1000,Kahramanmaras,546688,533434,2.48%
1000,1001,Tongchuan,546649,537167,1.77%
1001,1002,Tepic,545941,533572,2.32%
1002,1003,Utrecht,544389,536473,1.48%
1003,1005,Shouguang,544207,536303,1.47%
1004,1004,Port Of Spain,544207,544259,-0.01%
1005,1006,Villavicencio,544115,534290,1.84%
1006,1007,Rajahmundry,543729,536298,1.39%
1007,1008,Ndola,542495,531047,2.16%
1008,1009,Kerman,541485,539893,0.29%
1009,1010,Dengfeng,540789,509717,6.10%
1010,1011,Ryazan,540317,540502,-0.03%
1011,1012,Tucson,539766,535236,0.42%
1012,1013,Sakarya,539445,524986,2.75%
1013,1014,Guangyuan,539179,520905,3.51%
1014,1015,Chaoyang,539052,531831,1.36%
1015,1016,Rayong,538150,530921,1.36%
1016,1017,Gaozhou,537329,512852,4.77%
1017,1018,Hannover,536976,536498,0.09%
1018,1019,Edinburgh,536775,530741,1.14%
1019,1020,Fresno,536253,529153,0.67%
1020,1021,Cuito,535407,501936,6.67%
1021,1022,Astrakhan,534947,535191,-0.05%
1022,1023,Naberezhnye Tchelny,534726,534307,0.08%
1023,1024,Sukkur,534486,524179,1.97%
1024,1025,Larkana,534288,519899,2.77%
1025,1026,Valledupar,533453,518190,2.95%
1026,1027,Bamenda,533257,513820,3.78%
1027,1028,Basilan City,533135,517687,2.98%
1028,1029,Abeokuta,532856,523653,1.76%
1029,1030,Mazar E Sharif,532689,501665,6.18%
1030,1031,Poznan,531030,533731,-0.51%
1031,1032,Namangan,528763,521090,1.47%
1032,1033,Imus,527779,501303,5.28%
1033,1034,Grenoble,527720,524853,0.55%
1034,1035,Haining,527655,512822,2.89%
1035,1036,Santa Marta,527326,520650,1.28%
1036,1037,Surakarta,527279,523581,0.71%
1037,1038,Pietermaritzburg,526912,521419,1.05%
1038,1039,Yongkang,526069,508796,3.39%
1039,1040,Pingdu,525093,514025,2.15%
1040,1041,Taishan,524937,510086,2.91%
1041,1042,Calamba,524577,509898,2.88%
1042,1043,Mekele,523914,505485,3.65%
1043,1044,Heyuan,523818,515422,1.63%
1044,1045,Ar Rusayfah,523543,520419,0.60%
1045,1046,Penza,523092,524131,-0.20%
1046,1047,Utsunomiya,522100,522331,-0.04%
1047,1048,Chuzhou,522062,507265,2.92%
1048,1049,Vale Do Aco,521744,517889,0.74%
1049,1050,Al Raqqa,521537,513163,1.63%
1050,1051,Bellary,520926,508535,2.44%
1051,1052,Longkou,520568,505504,2.98%
1052,1053,Qingzhou,520371,504795,3.09%
1053,1054,Sacramento,519362,507298,1.18%
1054,1055,Kalasin,517635,510681,1.36%
1055,1056,Al Mahallah Al Kubra,517549,511770,1.13%
1056,1057,Sheikhupura,517342,504174,2.61%
1057,1058,Cuautla Morelos,516755,508021,1.72%
1058,1059,Puerto Vallarta,515909,501280,2.92%
1059,1060,Duisburg,515076,510611,0.87%
1060,1061,Balashikha,514662,497762,3.40%
1061,1062,Dali,514610,497598,3.42%
1062,1063,Shizuishan,514455,501894,2.50%
1063,1064,Kakinada,514227,506331,1.56%
1064,1065,Ambon,513457,492880,4.17%
1065,1066,Diwaniyah,513369,493968,3.93%
1066,1067,Songyuan,513231,507408,1.15%
1067,1068,Kirov,513003,510777,0.44%
1068,1069,Nurenberg,511941,512022,-0.02%
1069,1070,Davanagere,511843,503318,1.69%
1070,1071,Qianjiang,511738,503238,1.69%
1071,1072,Gongyi,511410,494683,3.38%
1072,1073,Van,511391,494442,3.43%
1073,1074,Shangyu,510813,497234,2.73%
1074,1075,Atlanta,510730,491626,1.91%
1075,1076,Uige,510631,475198,7.46%
1076,1077,Porto Velho,510419,498873,2.31%
1077,1078,Changning,510275,489328,4.28%
1078,1079,Mesa,509963,497275,1.26%
1079,1080,Matsuyama,509958,511745,-0.35%
1080,1081,Angeles City,509765,489068,4.23%
1081,1082,Rustenburg,509368,485087,5.01%
1082,1083,Gombe,508575,488715,4.06%
1083,1084,Gaoyou,507934,488387,4.00%
1084,1085,Kansas City,507652,494536,1.31%
1085,1086,Yanshi,507643,482460,5.22%
1086,1087,Kikwit,507462,489903,3.58%
1087,1088,Lipetsk,507291,508968,-0.33%
1088,1089,Al Mukalla,506356,476632,6.24%
1089,1090,Cheboksary,505870,502323,0.71%
1090,1091,Bournemouth,505687,501288,0.88%
1091,1092,Laixi,505117,486767,3.77%
1092,1093,Mataram,505024,493946,2.24%
1093,1094,Karaganda,504946,505426,-0.09%
1094,1095,Miami,504439,479009,2.59%
1095,1096,Muzaffarpur,504158,492089,2.45%
1096,1097,El Djelfa,503397,479240,5.04%
1097,1098,Colorado Springs,503365,484233,1.94%
1098,1099,Nakhon Pathom,503271,487303,3.28%
1099,1100,Shuangyashan,503179,499964,0.64%
1100,1101,Kuantan,502866,491303,2.35%
1101,1102,Khon Kaen,502594,495842,1.36%
1102,1103,Tanta,501423,495344,1.23%
1103,1104,Chuxiong,500867,481012,4.13%
1104,1105,Douai Lens,500776,501078,-0.06%
1105,1106,Ziyang,500094,485973,2.91%
1106,1107,Murcia,499783,494441,1.08%
1107,1108,Berbera,499396,477672,4.55%
1108,1109,Chisinau,499034,504342,-1.05%
1109,1110,Jinjiang,498294,486776,2.37%
1110,1111,Eslamshahr,498261,484903,2.75%
1111,1112,Kandahar,498002,484812,2.72%
1112,1113,Loum,497578,471646,5.50%
1113,1114,Malatya,496002,488023,1.63%
1114,1115,Surat Thani,495968,489305,1.36%
1115,1116,Ubon Ratchathani,495308,488819,1.33%
1116,1117,Kolwezi,494654,490072,0.93%
1117,1118,Raleigh,494612,476746,1.84%
1118,1119,Hosur,493896,458264,7.78%
1119,1120,Tirana,493712,484624,1.88%
1120,1121,Arusha,492919,482609,2.14%
1121,1122,Zhongxiang,491713,485472,1.29%
1122,1123,Nanping,491287,482045,1.92%
1123,1124,Changge,490123,464481,5.52%
1124,1125,Zinder,489178,463523,5.53%
1125,1126,Jingmen,488922,478600,2.16%
1126,1127,Xingning,487815,461404,5.72%
1127,1128,Jianyang,487133,473228,2.94%
1128,1129,Beihai,486986,483658,0.69%
1129,1130,Macapa,486424,476431,2.10%
1130,1131,Mbouda,485660,455304,6.67%
1131,1132,Chaohu,485120,475960,1.92%
1132,1133,Mykolaiv,484659,486559,-0.39%
1133,1134,Guang An,484324,464647,4.23%
1134,1135,Brescia,483865,480543,0.69%
1135,1136,Caxias Do Sul,483770,478177,1.17%
1136,1137,La Serena Coquimbo,483640,472832,2.29%
1137,1138,Port Sudan,483510,474712,1.85%
1138,1139,Barisal,483506,467491,3.43%
1139,1140,Changyi,482027,458433,5.15%
1140,1141,Rupganj,481718,441158,9.19%
1141,1142,El Obeid,481350,468125,2.83%
1142,1143,Como,480879,477767,0.65%
1143,1144,Kenitra,480038,471211,1.87%
1144,1145,Ado Ekiti,479674,462757,3.66%
1145,1146,Latur,479399,468613,2.30%
1146,1147,Oita,479259,479878,-0.13%
1147,1148,Bhagalpur,479101,471682,1.57%
1148,1149,Cardiff,477627,474187,0.73%
1149,1150,Purnia,477567,457972,4.28%
1150,1151,Petrolina,477235,468101,1.95%
1151,1152,Cagliari,476265,476131,0.03%
1152,1153,Kurashiki,475975,477023,-0.22%
1153,1154,Orizaba,475360,470152,1.11%
1154,1155,Seremban,474691,465110,2.06%
1155,1156,Piura,474358,467302,1.51%
1156,1157,Yongcheng,473513,456441,3.74%
1157,1158,Tula,473159,477113,-0.83%
1158,1159,Blida,472733,459523,2.87%
1159,1160,Iloilo City,471789,466456,1.14%
1160,1161,Kut,471238,463525,1.66%
1161,1162,Kismaayo,471134,451682,4.31%
1162,1163,San Cristobal,471046,465944,1.09%
1163,1164,Cusco,470720,461407,2.02%
1164,1165,Lapu Lapu City,470050,457077,2.84%
1165,1166,Rouen,470004,469230,0.16%
1166,1167,Iquitos,469582,462358,1.56%
1167,1168,Katsina,469557,453255,3.60%
1168,1169,Avignon,469504,466954,0.55%
1169,1170,Begusarai,467632,440122,6.25%
1170,1171,Zanjan,467460,457666,2.14%
1171,1172,Palma,467005,461196,1.26%
1172,1173,Xuancheng,466755,449011,3.95%
1173,1174,Rohtak,466576,456267,2.26%
1174,1175,Gent,466412,463257,0.68%
1175,1176,Kanazawa,466219,466930,-0.15%
1176,1177,Zhuanghe,465761,446690,4.27%
1177,1178,Kabinda,465599,430934,8.04%
1178,1179,Gdansk,465475,465142,0.07%
1179,1180,Fukuyama,465446,466133,-0.15%
1180,1181,Long Beach,464894,467512,-0.28%
1181,1182,Kursk,464731,461303,0.74%
1182,1183,Okene,464573,451807,2.83%
1183,1184,Rahim Yar Khan,463949,450973,2.88%
1184,1185,Montpellier,462162,456199,1.31%
1185,1186,Juazeiro Do Norte,461342,453798,1.66%
1186,1187,Asyut,460998,455450,1.22%
1187,1188,Taranto,460246,460481,-0.05%
1188,1189,Mymensingh,459983,452940,1.55%
1189,1190,Wafangdian,459825,454334,1.21%
1190,1191,Yuhuan,459707,447375,2.76%
1191,1192,Shillong,459698,447867,2.64%
1192,1193,Gaoan,459240,439821,4.42%
1193,1194,Fuan,459059,443697,3.46%
1194,1195,Chizhou,458420,438219,4.61%
1195,1196,Kelamayi,457422,445576,2.66%
1196,1197,Canberra,457330,452497,1.07%
1197,1198,Virginia Beach,455594,454098,0.16%
1198,1199,Mazatlan,454733,446999,1.73%
1199,1200,Liyang,454339,444577,2.20%
1200,1201,Witbank,454301,437742,3.78%
1201,1202,Omaha,453758,450364,0.38%
1202,1203,Buri Ram,453747,447651,1.36%
1203,1204,Irapuato,452605,445026,1.70%
1204,1205,Igbidu,452583,441292,2.56%
1205,1206,Ramadi,452226,444824,1.66%
1206,1207,Bhilwara,452209,441830,2.35%
1207,1208,Guarenas Guatire,451542,440983,2.39%
1208,1209,Buenaventura,451498,442535,2.03%
1209,1210,Campos Dos Goytacazes,451055,448606,0.55%
1210,1211,Dera Ghazikhan,450809,435325,3.56%
1211,1212,Akola,450707,447742,0.66%
1212,1213,Banjul,450689,443428,1.64%
1213,1214,Yamunanagar,450564,443111,1.68%
1214,1215,Xinzhu,450520,446746,0.84%
1215,1216,Newcastle,450360,447446,0.65%
1216,1217,Stavropol,450094,446408,0.83%
1217,1218,Sochi,450024,440238,2.22%
1218,1219,Lampang,449481,443442,1.36%
1219,1220,Anantapur,448883,436621,2.81%
1220,1221,Latina,448839,443504,1.20%
1221,1222,Fengcheng,448073,440268,1.77%
1222,1223,Manizales,448035,446250,0.40%
1223,1224,Minna,447959,434120,3.19%
1224,1225,Nuevo Laredo,446724,440071,1.51%
1225,1226,Suizhou,445438,439317,1.39%
1226,1227,Volta Redonda,445226,444664,0.13%
1227,1228,Sanandaj,444840,436232,1.97%
1228,1229,Xinzheng,443992,431836,2.81%
1229,1230,Ulan Ude,443948,441470,0.56%
1230,1231,Kadapa,443336,432260,2.56%
1231,1232,Bayannaoer,443110,433048,2.32%
1232,1233,Mbandaka,442989,428210,3.45%
1233,1234,Manado,442889,438948,0.90%
1234,1235,Andizhan,442863,437091,1.32%
1235,1236,Zhangye,442604,437550,1.16%
1236,1237,Lvliang,441843,418147,5.67%
1237,1238,Gboko,441750,428289,3.14%
1238,1239,Phra Nakhon Si Ayutthaya,441273,435353,1.36%
1239,1240,Pinghu,440963,422603,4.34%
1240,1241,Roi Et,440609,434690,1.36%
1241,1242,Siheung,440381,437825,0.58%
1242,1243,Hejian,440022,415546,5.89%
1243,1244,Okpogho,439855,418795,5.03%
1244,1245,Yogyakarta,439829,434082,1.32%
1245,1246,Mariupol,439509,442491,-0.67%
1246,1247,Sao Jose Do Rio Preto,439018,434237,1.10%
1247,1248,Antofagasta,438871,432085,1.57%
1248,1249,Santiago De Cuba,437884,436764,0.26%
1249,1250,Jhang,437774,430709,1.64%
1250,1251,Sagar,437354,429906,1.73%
1251,1252,Lop Buri,437305,414837,5.42%
1252,1253,Batman,437023,426699,2.42%
1253,1254,Santiago Del Estero,435567,429215,1.48%
1254,1255,Ji An Jiangxi,435064,422883,2.88%
1255,1256,Bratislava,434926,432508,0.56%
1256,1257,Jurong,434797,418996,3.77%
1257,1258,Toamasina,434398,411799,5.49%
1258,1259,Yixing,432414,422798,2.27%
1259,1260,Resistencia,432250,427259,1.17%
1260,1261,Ondo,432222,419987,2.91%
1261,1262,Santa Rosa,432221,415715,3.97%
1262,1263,Phuket,432216,426410,1.36%
1263,1264,Aktyubinsk,431455,427530,0.92%
1264,1265,Sahiwal,431413,418944,2.98%
1265,1266,Erzurum,431275,422845,1.99%
1266,1267,Windhoek,431171,417380,3.30%
1267,1268,Yingde,430821,421293,2.26%
1268,1269,Bern,429734,425951,0.89%
1269,1270,Shanwei,429622,422815,1.61%
1270,1271,Alwar,429275,419443,2.34%
1271,1272,Oakland,428545,424275,0.50%
1272,1273,Caserta,427896,426873,0.24%
1273,1274,Minneapolis,427791,420721,0.83%
1274,1275,Oyo,427581,415078,3.01%
1275,1276,English Bazar,426793,413862,3.12%
1276,1277,Monteria,426477,419227,1.73%
1277,1278,Lobito,426310,413795,3.02%
1278,1279,Potiskum,426253,398160,7.06%
1279,1280,Rampur,425966,417430,2.04%
1280,1281,Hardwar,425643,412486,3.19%
1281,1282,Polokwane,425613,405592,4.94%
1282,1283,Coventry,425566,418347,1.73%
1283,1284,Chimoio,425069,406419,4.59%
1284,1285,Tver,424733,424012,0.17%
1285,1286,Tartus,424153,417342,1.63%
1286,1287,Bafoussam,423982,411286,3.09%
1287,1288,Uijeongbu,423624,423671,-0.01%
1288,1289,Lishui Zhejiang,422306,407415,3.65%
1289,1290,Wah,422244,409670,3.07%
1290,1291,Suihua,421817,415172,1.60%
1291,1292,Tetouan,421247,413895,1.78%
1292,1293,Pokhara,420735,402193,4.61%
1293,1294,Magnitogorsk,420661,420719,-0.01%
1294,1295,Salalah,420226,407176,3.21%
1295,1296,Fangchenggang,420065,403484,4.11%
1296,1297,Qazvin,420044,415232,1.16%
1297,1298,Maringa,419993,413629,1.54%
1298,1299,Takamatsu,419653,420594,-0.22%
1299,1300,Gujrat,419492,410873,2.10%
1300,1301,Salerno,419469,418887,0.14%
1301,1302,Doha Industrial Area,418739,412502,1.51%
1302,1303,Tongcheng,418418,400741,4.41%
1303,1304,Cuenca,418372,409320,2.21%
1304,1305,Vungtau,417824,405976,2.92%
1305,1306,Korba,417807,411969,1.42%
1306,1307,Nankang,417052,400186,4.21%
1307,1308,St Catharines Niagara,416049,414037,0.49%
1308,1309,Jiyuan,415541,407158,2.06%
1309,1310,Bata,415270,395403,5.02%
1310,1311,Hechi,415022,401201,3.44%
1311,1312,Wellington,414818,413012,0.44%
1312,1313,Quelimane,414813,391667,5.91%
1313,1314,Barddhaman,414308,406797,1.85%
1314,1315,Nagasaki,414208,418003,-0.91%
1315,1316,Qacentina,414011,415411,-0.34%
1316,1317,Bijapur,413766,404092,2.39%
1317,1318,Toyama,413444,415157,-0.41%
1318,1319,Charleroi,413429,412389,0.25%
1319,1320,Thu Dau Mot,413397,389097,6.25%
1320,1321,Akesu,413258,398323,3.75%
1321,1322,Halifax,412674,410816,0.45%
1322,1323,Tieling,412264,408658,0.88%
1323,1324,Tampa,411849,394507,2.15%
1324,1325,Najran,410345,401685,2.16%
1325,1326,Armenia,410130,406566,0.88%
1326,1327,Colima,409948,401947,1.99%
1327,1328,Gwagwalada,409916,377782,8.51%
1328,1329,Dhule,409759,405876,0.96%
1329,1330,Raniganj,409737,387165,5.83%
1330,1331,Arlington,409724,401248,1.05%
1331,1332,Al Fayyum,409558,402237,1.82%
1332,1333,Morogoro,408740,394649,3.57%
1333,1334,Neuquen Plottier Cipolletti,408609,401423,1.79%
1334,1335,Brahmapur,408412,402658,1.43%
1335,1336,Elazig,408388,397756,2.67%
1336,1337,Linzhou,408275,398445,2.47%
1337,1338,Dire Dawa,408096,390924,4.39%
1338,1339,Belgorod,407941,404100,0.95%
1339,1340,Corrientes,407725,402381,1.33%
1340,1341,Rongcheng,407671,402440,1.30%
1341,1342,Makurdi,407257,393124,3.60%
1342,1343,Baharampur,407130,395456,2.95%
1343,1344,Rangpur,406956,398869,2.03%
1344,1345,Ratchaburi,405530,398058,1.88%
1345,1346,Baiyin,404637,399613,1.26%
1346,1347,Laibin,404239,394195,2.55%
1347,1348,Ahmadnagar,404238,401368,0.72%
1348,1349,Longchang,403680,390524,3.37%
1349,1350,Juba,403215,385765,4.52%
1350,1351,Tulsa,403030,403060,-0.00%
1351,1352,Ivanovo,403021,404725,-0.42%
1352,1353,Ciudad Bolivar,402476,397347,1.29%
1353,1354,Karnal,402417,391026,2.91%
1354,1355,Las Palmas Gran Canaria,401900,400921,0.24%
1355,1356,Luhansk,401799,405210,-0.84%
1356,1357,Bengkulu,401451,391360,2.58%
1357,1358,Szczecin,401370,402405,-0.26%
1358,1359,Xinyi,401139,393483,1.95%
1359,1360,Piracicaba,401095,397375,0.94%
1360,1361,Shengzhou,401022,394641,1.62%
1361,1362,Minatitlan,401020,396191,1.22%
1362,1363,Ha'il,400389,394225,1.56%
1363,1364,Hue,400320,392487,2.00%
1364,1365,Kaiping,399946,396277,0.93%
1365,1366,Campina Grande,399758,397208,0.64%
1366,1367,Wuwei,399718,391935,1.99%
1367,1368,Miyazaki,399446,400466,-0.25%
1368,1369,Hami,398946,388890,2.59%
1369,1370,Bryansk,398586,401345,-0.69%
1370,1371,New Orleans,398523,395009,0.44%
1371,1372,Christchurch,398520,396882,0.41%
1372,1373,Huangshan,398406,385655,3.31%
1373,1374,Meizhou,397834,392637,1.32%
1374,1375,Montes Claros,397815,393168,1.18%
1375,1376,General Trias,397715,380043,4.65%
1376,1377,Junagadh,397226,388543,2.23%
1377,1378,Xingyang,396961,382096,3.89%
1378,1379,Jingdezhen,396297,392195,1.05%
1379,1380,Karimnagar,395334,384221,2.89%
1380,1381,Coatzacoalcos,395130,390008,1.31%
1381,1382,Mandaue City,394882,388007,1.77%
1382,1383,Sevastopol,394676,391757,0.75%
1383,1384,Botou,394574,378481,4.25%
1384,1385,Laizhou,394174,391935,0.57%
1385,1386,Khorramabad,394028,388403,1.45%
1386,1387,Eldoret,394023,378107,4.21%
1387,1388,Dhulian,393496,374638,5.03%
1388,1389,Wichita,393270,391586,0.21%
1389,1390,Changji,393243,383083,2.65%
1390,1391,Cumana,393023,386417,1.71%
1391,1392,Okara,392904,382485,2.72%
1392,1393,Ajman,392066,385166,1.79%
1393,1394,Bakersfield,391996,384188,1.01%
1394,1395,Heshan,391932,379348,3.32%
1395,1396,Al Hasakah,390947,384669,1.63%
1396,1397,Surgut,390259,382821,1.94%
1397,1398,Matadi,389669,377964,3.10%
1398,1399,Xingping,389645,370270,5.23%
1399,1400,Gandhidham,389587,372592,4.56%
1400,1401,Ruiru,389022,371518,4.71%
1401,1402,Danzhou,388987,368100,5.67%
1402,1403,Chimbote,388978,385293,0.96%
1403,1404,Posadas,388782,381367,1.94%
1404,1405,Pasto,388483,385844,0.68%
1405,1406,Mogilev,388465,386864,0.41%
1406,1407,Laiyang,387064,383415,0.95%
1407,1408,Grodno,386787,382453,1.13%
1408,1409,Binan,386751,375501,3.00%
1409,1410,Gumi,386622,382642,1.04%
1410,1411,Chitungwiza,386452,382081,1.14%
1411,1412,Huancayo,386366,381946,1.16%
1412,1413,Sikasso,386262,368368,4.86%
1413,1414,Stoke On Trent,386013,384377,0.43%
1414,1415,Victoria,385999,382085,1.02%
1415,1416,Dindigul,385742,375182,2.81%
1416,1417,Enping,385670,368819,4.57%
1417,1418,Ottappalam,385296,367420,4.87%
1418,1419,Al Quwaysimah,385288,371054,3.84%
1419,1420,Lipa City,385246,374177,2.96%
1420,1421,Anapolis,384679,379739,1.30%
1421,1422,Kuala Terengganu,384369,377989,1.69%
1422,1423,Effon Alaiye,383566,371499,3.25%
1423,1424,Nakuru,383461,372710,2.88%
1424,1425,Linqing,383372,378608,1.26%
1425,1426,Port Moresby,382516,374517,2.14%
1426,1427,Ikot Ekpene,382502,367222,4.16%
1427,1428,Jiuquan,382363,367513,4.04%
1428,1429,Dujiangyan,382169,374816,1.96%
1429,1430,Kasur,381720,374769,1.85%
1430,1431,Mardan,381220,374473,1.80%
1431,1432,Manisa,381190,372041,2.46%
1432,1433,Sakon Nakhon,381084,375965,1.36%
1433,1434,Barinas,380483,371411,2.44%
1434,1435,Pingliang,380401,364817,4.27%
1435,1436,Brno,378485,378288,0.05%
1436,1437,Vitebsk,377966,376348,0.43%
1437,1438,Nazret,377819,362407,4.25%
1438,1439,Cleveland,377797,381803,-0.53%
1439,1440,Thies,377286,367240,2.74%
1440,1441,Cabuyao,377220,362813,3.97%
1441,1442,Pescara,377134,375279,0.49%
1442,1443,Saki,376254,358199,5.04%
1443,1444,Bochum,375992,374027,0.53%
1444,1445,Bauru,375733,372649,0.83%
1445,1446,Aurora,375326,368518,0.92%
1446,1447,Vinnitsa,375311,374838,0.13%
1447,1448,Sandakan,375248,370732,1.22%
1448,1449,Saint Etienne,374879,374352,0.14%
1449,1450,Liaoyuan,374789,374421,0.10%
1450,1451,Shimoga,374643,368876,1.56%
1451,1452,Xinzhou,374495,363682,2.97%
1452,1453,Wad Medani,374483,366211,2.26%
1453,1454,Ife,374270,364593,2.65%
1454,1455,Shahjahanpur,373738,370745,0.81%
1455,1456,Treviso,373647,370129,0.95%
1456,1457,Bihar Sharif,373322,364812,2.33%
1457,1458,Gongzhuling,373210,368947,1.16%
1458,1459,Gaoping,372920,353290,5.56%
1459,1460,Baguio City,372680,366805,1.60%
1460,1461,Sanming,372443,367327,1.39%
1461,1462,Ciudad Obregon,372416,364607,2.14%
1462,1463,Nagano,371971,373702,-0.46%
1463,1464,Anand,371559,362161,2.59%
1464,1465,Toyohashi,371026,372362,-0.36%
1465,1466,Tete,370650,347486,6.67%
1466,1467,Donggang,370168,361169,2.49%
1467,1468,Rio Branco,370129,364554,1.53%
1468,1469,Alicante,369758,366449,0.90%
1469,1470,Xingyi Guizhou,369672,365509,1.14%
1470,1471,Aizawl,369648,361112,2.36%
1471,1472,Dashiqiao,368955,362676,1.73%
1472,1473,Jilong,368947,369568,-0.17%
1473,1474,Zacatecas,368616,362382,1.72%
1474,1475,Takasaki,368559,369595,-0.28%
1475,1476,Emeishan,368194,350258,5.12%
1476,1477,Gorgan,367950,363199,1.31%
1477,1478,Bathinda,367767,358541,2.57%
1478,1479,Palakkad,367565,359287,2.30%
1479,1480,Tarlac,367149,361804,1.48%
1480,1481,Santipur,367014,358423,2.40%
1481,1482,Ichalkaranji,366914,362298,1.27%
1482,1483,Reggio Emilia,366694,362825,1.07%
1483,1484,Taraz,366386,365589,0.22%
1484,1485,Birnin Kebbi,366254,352169,4.00%
1485,1486,Sivas,365766,357120,2.42%
1486,1487,Alajuela,365584,347805,5.11%
1487,1488,Qufu,365574,358427,1.99%
1488,1489,Butuan,365112,359102,1.67%
1489,1490,Luoding,364909,355776,2.57%
1490,1491,Kassala,364024,357530,1.82%
1491,1492,Shahriyar,363622,349165,4.14%
1492,1493,Wanning,362912,345830,4.94%
1493,1494,Iligan,362769,358310,1.24%
1494,1495,Qidong,362526,350676,3.38%
1495,1496,Ciudad Victoria,362348,356299,1.70%
1496,1497,Gondar,362314,347060,4.40%
1497,1498,Tumkur,361148,354599,1.85%
1498,1499,San Salvador De Jujuy,361106,356237,1.37%
1499,1500,Monclova,360876,356215,1.31%
1500,1501,Yaan,360612,349167,3.28%
1501,1502,Tours,360360,358911,0.40%
1502,1503,Chanthaburi,360260,348820,3.28%
1503,1504,Yunfu,359668,352748,1.96%
1504,1505,Vladimir,359277,359050,0.06%
1505,1506,Pohang,359226,357212,0.56%
1506,1507,Parbhani,359015,353266,1.63%
1507,1508,Eindhoven,358966,355889,0.86%
1508,1509,Brest,358587,355160,0.96%
1509,1510,Huixian,358553,347444,3.20%
1510,1511,San Pedro,358418,351508,1.97%
1511,1512,Az Zaqazig,358378,354080,1.21%
1512,1513,Annaba,358241,356220,0.57%
1513,1514,Bethune,358084,357436,0.18%
1514,1515,Anaheim,358063,354553,0.49%
1515,1516,Parakou,357912,341690,4.75%
1516,1517,Maunath Bhanjan,357540,348680,2.54%
1517,1518,Neiva,357215,355351,0.52%
1518,1519,Chita,357079,354999,0.59%
1519,1520,Ilesha,357052,343982,3.80%
1520,1521,Al Gadarif,356550,348090,2.43%
1521,1522,Yushu,356496,347915,2.47%
1522,1523,Wenchang,356073,344020,3.50%
1523,1524,Yining,356001,349755,1.79%
1524,1525,Huazhou,355837,345552,2.98%
1525,1526,Antsirabe,355832,339289,4.88%
1526,1527,Ranipet,355812,345387,3.02%
1527,1528,Iwaki,355785,355328,0.13%
1528,1529,Modena,355774,353609,0.61%
1529,1530,Dewas,355513,348165,2.11%
1530,1531,Zhuozhou,355461,344569,3.16%
1531,1532,Kisumu,355089,344487,3.08%
1532,1533,Batangas City,354667,349313,1.53%
1533,1534,Sumquayit,354086,349636,1.27%
1534,1535,Al Ismailiyah,353957,349255,1.35%
1535,1536,Rennes,353897,349759,1.18%
1536,1537,Hisar,353859,348661,1.49%
1537,1538,Roorkee,353570,340027,3.98%
1538,1539,Hafar Al Batin,353380,347630,1.65%
1539,1540,Wonsan,353043,350800,0.64%
1540,1541,Songea,352781,330557,6.72%
1541,1542,Macheng,352419,346693,1.65%
1542,1543,Franca,351926,348666,0.93%
1543,1544,Chandrapur,351869,348313,1.02%
1544,1545,Dhamar,351039,333208,5.35%
1545,1546,Darbhanga,350958,346184,1.38%
1546,1547,Honolulu,350768,351280,-0.07%
1547,1548,Xianning,350448,348750,0.49%
1548,1549,Arkhangelsk,350200,351125,-0.26%
1549,1550,Nizhny Tagil,349705,351864,-0.61%
1550,1551,Bilbao,349633,350873,-0.35%
1551,1552,Deoghar,349481,331323,5.48%
1552,1553,Ponta Grossa,349363,345514,1.11%
1553,1554,Wuppertal,349306,349786,-0.14%
1554,1555,Shenmu,349271,341704,2.21%
1555,1556,Wuchuan,348873,346557,0.67%
1556,1557,Kaluga,348750,347502,0.36%
1557,1558,Habra,348366,342978,1.57%
1558,1559,Leping,348096,341072,2.06%
1559,1560,Blumenau,347831,343103,1.38%
1560,1561,Kota Bharu,347673,343210,1.30%
1561,1562,Zhaoyuan,347664,340179,2.20%
1562,1563,Kaili,347563,339313,2.43%
1563,1564,Bydgoszcz,347522,349375,-0.53%
1564,1565,Rufisque,347295,334747,3.75%
1565,1566,Izmit,347038,340262,1.99%
1566,1567,Plovdiv,346563,345855,0.20%
1567,1568,Faloojah,346522,340851,1.66%
1568,1569,Morvi,346436,335587,3.23%
1569,1570,Gwangmyeong,345890,344796,0.32%
1570,1571,Garoua,345853,339404,1.90%
1571,1572,Karur,345577,332499,3.93%
1572,1573,Aswan,344989,338813,1.82%
1573,1574,Ijebu Ode,344676,334299,3.10%
1574,1575,Farrukhabad,344412,338529,1.74%
1575,1576,Boa Vista,344307,338122,1.83%
1576,1577,Yuanjiang,344057,336900,2.12%
1577,1578,Merida,343834,340199,1.07%
1578,1579,Cordoba,343719,343127,0.17%
1579,1580,Kafr Ad Dawwar,343622,338222,1.60%
1580,1581,Lengshuijiang,343568,331339,3.69%
1581,1582,Thuqbah,343534,334870,2.59%
1582,1583,Djougou,343419,331549,3.58%
1583,1584,Satna,343415,336695,2.00%
1584,1585,Jeju,343168,341650,0.44%
1585,1586,Sarajevo,343089,342743,0.10%
1586,1587,Anlu,342178,330012,3.69%
1587,1588,Reading,342117,339408,0.80%
1588,1589,Tehuacan,341956,337160,1.42%
1589,1590,Temuco,341951,337934,1.19%
1590,1591,Alor Star,341779,333158,2.59%
1591,1592,Tampere,341582,339479,0.62%
1592,1593,Barletta,340980,340940,0.01%
1593,1594,Ganca,340912,337987,0.87%
1594,1595,Jalna,340662,334549,1.83%
1595,1596,Heredia,340594,337381,0.95%
1596,1597,Simferopol,340382,340717,-0.10%
1597,1598,Ningguo,340375,324794,4.80%
1598,1599,Sukabumi,340021,335404,1.38%
1599,1600,Kanhangad,339695,326698,3.98%
1600,1601,Acarigua Aruare,338983,333320,1.70%
1601,1602,Zhaotong,338946,329466,2.88%
1602,1603,Makiivka,338827,341364,-0.74%
1603,1604,Navsari,338788,332571,1.87%
1604,1605,Khammam,338657,330051,2.61%
1605,1606,Riverside,338490,331606,1.03%
1606,1607,Nukus,338175,330685,2.26%
1607,1608,Valenciennes,338077,337517,0.17%
1608,1609,Suphan Buri,337631,326994,3.25%
1609,1610,Thanjavur,336972,331880,1.53%
1610,1611,Manzhouli,336643,326537,3.09%
1611,1612,Xuanwei,336549,323253,4.11%
1612,1613,Jiayuguan,336493,322243,4.42%
1613,1614,Lafia,336170,324903,3.47%
1614,1615,Windsor,336082,334709,0.41%
1615,1616,Wulanhaote,335437,328721,2.04%
1616,1617,Pavlodar,335387,336720,-0.40%
1617,1618,Varna,335068,335217,-0.04%
1618,1619,Santa Ana,335009,334613,0.06%
1619,1621,Yanbu Al Bahr,334989,326675,2.55%
1620,1620,Ensenada,334989,329152,1.77%
1621,1622,Central Coast,334922,333379,0.46%
1622,1623,Lublin,334720,336382,-0.49%
1623,1624,Bielefeld,334489,334518,-0.01%
1624,1625,Ningde,334023,324722,2.86%
1625,1626,Uberaba,333487,329657,1.16%
1626,1627,Nizamabad,333462,330871,0.78%
1627,1628,Lexington Fayette,333177,325813,1.12%
1628,1629,Baicheng,332826,327950,1.49%
1629,1630,Songzi,332001,325125,2.11%
1630,1631,Mannheim,331670,326536,1.57%
1631,1632,Caruaru,331175,326561,1.41%
1632,1633,Qods,331071,325284,1.78%
1633,1634,Asahikawa,330904,333211,-0.69%
1634,1635,Koriyama,330637,332136,-0.45%
1635,1636,Corpus Christi,330633,328183,0.37%
1636,1637,Maebashi,330538,332205,-0.50%
1637,1638,Zixing,330483,316928,4.28%
1638,1639,Uruapan,329996,323058,2.15%
1639,1640,Volzhsky,329977,329483,0.15%
1640,1641,Westfalen,329913,326074,1.18%
1641,1642,Shihezi,329750,327496,0.69%
1642,1643,Fujin,329544,316047,4.27%
1643,1644,Nha Trang,329373,327081,0.70%
1644,1645,Arrah,329370,321763,2.36%
1645,1646,Batna,329333,324466,1.50%
1646,1647,Khubar,329071,319717,2.93%
1647,1648,Birkenhead,329045,328393,0.20%
1648,1649,Smolensk,328887,329691,-0.24%
1649,1650,Haldwani,328798,317599,3.53%
1650,1651,Kashan,328630,322155,2.01%
1651,1652,Zhangshu,328338,315204,4.17%
1652,1653,Ust Kamenogorsk,328200,328932,-0.22%
1653,1654,Parma,328154,325925,0.68%
1654,1655,Haiyang,328140,318588,3.00%
1655,1656,Yakutsk,328086,323163,1.52%
1656,1657,Cotabato,327985,321920,1.88%
1657,1658,San Fernando,327808,323205,1.42%
1658,1659,Vitoria Da Conquista,327672,322906,1.48%
1659,1660,Tila Al Ali,327476,315070,3.94%
1660,1661,Kharagpur,326809,323727,0.95%
1661,1662,Sinuiju,326438,326120,0.10%
1662,1663,Vicenza,326371,324335,0.63%
1663,1664,Pelotas,326241,324791,0.45%
1664,1665,Nola,325360,324302,0.33%
1665,1666,Henderson,325341,309155,2.55%
1666,1667,Podolsk,324216,318062,1.93%
1667,1668,Safi,323906,320853,0.95%
1668,1669,Baaqoobah,323796,313690,3.22%
1669,1670,Dingzhou,323646,316147,2.37%
1670,1671,Deir Ez Zor,323432,318239,1.63%
1671,1672,Hailin,323336,317905,1.71%
1672,1673,Ciudad Del Este,322000,318031,1.25%
1673,1674,Saransk,321997,320608,0.43%
1674,1675,Semipalatinsk,321351,322228,-0.27%
1675,1676,Rushan,321112,314156,2.21%
1676,1677,Long Xuyen,321104,315095,1.91%
1677,1678,Naha,320899,321175,-0.09%
1678,1679,Sari,320829,317708,0.98%
1679,1680,Kingston Upon Hull,320825,319883,0.29%
1680,1681,Hapur,320713,314289,2.04%
1681,1682,Tacna,320453,314566,1.87%
1682,1683,Bonn,320194,320213,-0.01%
1683,1684,Cirebon,320129,317251,0.91%
1684,1685,Cherepovets,319917,320169,-0.08%
1685,1686,Balikesir,319060,310369,2.80%
1686,1687,Karlsruhe,318064,316236,0.58%
1687,1688,Oruro,318022,310979,2.26%
1688,1689,Iasi,317313,317507,-0.06%
1689,1690,Rugao,317217,310422,2.19%
1690,1691,Lamphun,317180,312920,1.36%
1691,1692,Anning,317091,308554,2.77%
1692,1693,Stockton,317088,312080,0.80%
1693,1694,Vologda,316737,316274,0.15%
1694,1695,Orel,316624,317683,-0.33%
1695,1696,Ratlam,316365,311664,1.51%
1696,1697,Bahia Blanca,315533,313739,0.57%
1697,1698,Gimhae,314440,313210,0.39%
1698,1699,Cascavel,314244,310364,1.25%
1699,1700,Jayapura,314205,307963,2.03%
1700,1701,St. Paul,313878,308138,0.92%
1701,1702,Kurgan,313542,316294,-0.87%
1702,1703,Los Mochis,313492,307482,1.95%
1703,1704,Setif,313401,307703,1.85%
1704,1705,Pekalongan,313275,309634,1.18%
1705,1706,Taubate,312617,309172,1.11%
1706,1707,Southend On Sea,312328,310367,0.63%
1707,1708,Samarra,311819,306716,1.66%
1708,1709,Swansea,311408,310051,0.44%
1709,1710,Camaguey,309741,308903,0.27%
1710,1711,Cluj Napoca,307851,307397,0.15%
1711,1712,Lecco,307670,306107,0.51%
1712,1713,Irvine,307318,286720,3.47%
1713,1714,Akita,306977,309275,-0.74%
1714,1715,Vigo,306853,306596,0.08%
1715,1716,Timisoara,306736,306796,-0.02%
1716,1717,Yangchun,305114,302743,0.78%
1717,1718,Valladolid,305047,306657,-0.53%
1718,1719,Kurume,304865,305335,-0.15%
1719,1720,Orlando,303933,290553,2.25%
1720,1721,Pittsburgh,302669,303147,-0.08%
1721,1722,Vladikavkaz,302105,303891,-0.59%
1722,1723,Aguadilla Isabela San Sebastian,299956,300568,-0.20%
